{
  "Component-dbg.js": 1604431123304,
  "Component.js": 1604431123304,
  "model/models.js": 1604431123304,
  "controller/View1.controller.js": 1604431123304,
  "manifest.json": 1604432068775,
  "manifest-bundle.zip": 1604432068604,
  "Component-preload.js": 1604432068756,
  "model/models-dbg.js": 1604431123304,
  "controller/View1-dbg.controller.js": 1604431123304,
  "i18n/i18n.properties": 1604431123304,
  "resources.json": 1604432068777,
  "view/View1.view.xml": 1604431665464,
  "css/style.css": 1604431123304,
  "index.html": 1604431123304
}